movie_id,title,budget,budget_log,revenue_usd,release_year,release_month,is_action,is_comedy,is_drama,is_horror,is_sciencefiction,is_animation,is_romance,is_thriller,num_genres,primary_genre,director_name,lead_actor,director_avg_past_rating,lead_actor_avg_rating,sidecast_avg_rating,genre_trend_score,imdb_rating
11624,Everything You Always Wanted to Know About Sex *But Were Afraid to Ask,2000000,14.508658238524095,18016290,1972,8,0,1,0,0,0,0,0,0,1,Comedy,Woody Allen,Woody Allen,6.7,6.7,6.35,-65921216.950240776,6.6
592,The Conversation,1600000,14.285514812209815,4420000,1974,4,0,0,1,0,0,0,0,0,3,Crime,Francis Ford Coppola,Gene Hackman,8.4,7.4,6.9,-64455519.35555555,7.5
240,The Godfather: Part II,13000000,16.380459992348886,47542841,1974,12,0,0,1,0,0,0,0,0,2,Drama,Francis Ford Coppola,Al Pacino,7.95,8.4,7.525,-28006838.813920453,8.3
103,Taxi Driver,1300000,14.077875591662238,28262574,1976,2,0,0,1,0,0,0,0,0,2,Crime,Martin Scorsese,Robert De Niro,7.2,7.75,7.45,-40612945.35555555,8.0
703,Annie Hall,4000000,15.201805169084134,38251425,1977,4,0,1,1,0,0,0,1,0,3,Comedy,Woody Allen,Woody Allen,6.766666666666667,6.766666666666667,7.65,-49280275.450240776,7.8
840,Close Encounters of the Third Kind,20000000,16.811242881518265,303788635,1977,11,0,0,1,0,1,0,0,0,2,Science Fiction,Steven Spielberg,Richard Dreyfuss,7.5,7.2,7.6,91104542.36842105,7.2
11644,Blow Out,18000000,16.705882371415992,12000000,1981,7,0,0,1,0,0,0,0,1,3,Drama,Brian De Palma,John Travolta,6.8,7.2,6.8,-48641388.61392045,7.3
10724,Firefox,18000000,16.705882371415992,70687344,1982,6,1,0,0,0,1,0,0,1,4,Science Fiction,Clint Eastwood,Clint Eastwood,7.4,6.875,7.333333333333333,86228412.70175436,5.5
1091,The Thing,15000000,16.52356082573315,19629760,1982,6,0,0,0,1,1,0,0,0,3,Horror,John Carpenter,Kurt Russell,6.900000000000001,6.9,5.4,-24896741.445360832,7.8
78,Blade Runner,28000000,17.147715103853763,33139618,1982,6,0,0,1,0,1,0,0,1,3,Science Fiction,Ridley Scott,Harrison Ford,7.9,7.58,6.45,86228412.70175436,7.9
87,Indiana Jones and the Temple of Doom,28000000,17.147715103853763,333000000,1984,5,1,0,0,0,0,0,0,0,2,Adventure,Steven Spielberg,Harrison Ford,6.916666666666667,7.671428571428571,8.1,-36786614.52707583,7.1
526,Ladyhawke,20000000,16.811242881518265,18432000,1985,3,0,0,1,0,0,0,1,0,4,Adventure,Richard Donner,Matthew Broderick,7.050000000000001,7.0,7.199999999999999,-139275383.32707584,6.8
6978,Big Trouble in Little China,25000000,17.034386422832473,11000000,1986,5,1,1,0,0,0,0,0,0,4,Action,John Carpenter,Kurt Russell,7.125000000000001,7.35,6.3,-10936931.03368795,7.1
11873,The Color of Money,13800000,16.440179222591198,52293982,1986,10,0,0,1,0,0,0,0,0,1,Drama,Martin Scorsese,Paul Newman,7.633333333333333,7.249999999999999,6.8,-9696190.147253789,6.7
96,Beverly Hills Cop II,20000000,16.811242881518265,299965036,1987,5,1,1,0,0,0,0,0,0,3,Action,Tony Scott,Eddie Murphy,6.7,6.5,6.909999999999999,-47563467.23368795,6.1
10673,Wall Street,15000000,16.52356082573315,43848069,1987,12,0,0,1,0,0,0,0,0,2,Crime,Oliver Stone,Charlie Sheen,7.5,6.6000000000000005,6.946666666666667,-8816257.85555555,7.0
11051,The Last Temptation of Christ,7000000,15.76142084987672,8373585,1988,8,0,0,1,0,0,0,0,0,1,Drama,Martin Scorsese,Willem Dafoe,7.3999999999999995,7.5,7.324999999999999,39278539.43607955,7.0
380,Rain Man,25000000,17.034386422832473,412800000,1988,12,0,0,1,0,0,0,0,0,1,Drama,Barry Levinson,Dustin Hoffman,7.1,6.166666666666667,5.966666666666666,39278539.43607955,7.6
89,Indiana Jones and the Last Crusade,48000000,17.6867115897055,474171806,1989,5,1,0,0,0,0,0,0,0,2,Adventure,Steven Spielberg,Harrison Ford,7.0375000000000005,7.533333333333333,6.761217948717949,-34721822.92707583,7.6
268,Batman,35000000,17.370858648025116,411348924,1989,6,1,0,0,0,0,0,0,0,2,Fantasy,Tim Burton,Jack Nicholson,7.1,7.8,6.770833333333333,220497324.03529412,7.0
4105,Black Rain,30000000,17.216707972959764,45892212,1989,9,1,0,0,0,0,0,0,1,3,Action,Ridley Scott,Michael Douglas,7.9,6.8,7.35,-113702826.36702129,6.2
165,Back to the Future Part II,40000000,17.50439003707821,332000000,1989,11,0,1,0,0,1,0,0,0,4,Adventure,Robert Zemeckis,Michael J. Fox,8.0,8.0,6.175,-34721822.92707583,7.4
2604,Born on the Fourth of July,14000000,16.454567959008102,161001698,1989,12,0,0,1,0,0,0,0,0,2,Drama,Oliver Stone,Tom Cruise,7.066666666666666,6.375,7.05,44951567.986079544,6.7
196,Back to the Future Part III,40000000,17.50439003707821,244527583,1990,5,0,1,0,0,1,0,0,0,4,Adventure,Robert Zemeckis,Michael J. Fox,7.7,7.7,6.735416666666666,-20687642.027075827,7.1
2119,Days of Thunder,60000000,17.909855136853043,157920733,1990,6,0,0,0,0,0,0,0,0,1,Adventure,Tony Scott,Tom Cruise,6.4,6.44,7.066666666666666,-20687642.027075827,5.9
1573,Die Hard 2,70000000,18.064005814299346,240031094,1990,7,1,0,0,0,0,0,0,1,2,Action,Renny Harlin,Bruce Willis,6.25,7.5,7.133333333333333,-6244230.233687937,6.6
1551,Flatliners,26000000,17.073607134447293,61489265,1990,8,0,0,1,1,1,0,0,1,4,Drama,Joel Schumacher,Kiefer Sutherland,6.8,7.066666666666666,6.75,-35488965.56392045,6.3
769,GoodFellas,25000000,17.034386422832473,46836394,1990,9,0,0,1,0,0,0,0,0,2,Drama,Martin Scorsese,Robert De Niro,7.3199999999999985,7.685714285714286,7.4,-35488965.56392045,8.2
162,Edward Scissorhands,20000000,16.811242881518265,53000000,1990,12,0,0,1,0,0,0,1,0,3,Fantasy,Tim Burton,Johnny Depp,7.05,7.2,6.859999999999999,88148400.03529412,7.5
242,The Godfather: Part III,54000000,17.804494623047066,136766062,1990,12,0,0,1,0,0,0,0,1,3,Crime,Francis Ford Coppola,Al Pacino,7.371428571428572,7.460000000000001,7.0791666666666675,67890542.64444445,7.1
10537,The Doors,38000000,17.453096744006448,34416893,1991,3,0,0,1,0,0,0,0,0,2,Drama,Oliver Stone,Val Kilmer,6.975,6.7,7.1000000000000005,3804781.186079547,6.7
1598,Cape Fear,35000000,17.370858648025116,182300000,1991,11,0,0,0,0,0,0,0,1,2,Crime,Martin Scorsese,Robert De Niro,7.466666666666666,7.75,6.550000000000001,101973477.64444445,7.0
879,Hook,70000000,18.064005814299346,300854823,1991,12,0,1,0,0,0,0,0,0,4,Adventure,Steven Spielberg,Robin Williams,7.1000000000000005,7.466666666666666,6.637499999999999,92387750.97292417,6.6
820,JFK,40000000,17.50439003707821,205405498,1991,12,0,0,1,0,0,0,0,1,3,Drama,Oliver Stone,Kevin Costner,6.92,7.266666666666666,7.095833333333333,3804781.186079547,7.5
2687,Memoirs of an Invisible Man,40000000,17.50439003707821,14358033,1992,2,0,1,0,0,1,0,0,0,3,Comedy,John Carpenter,Chevy Chase,7.116666666666667,6.2,7.1,27020724.383092552,5.7
943,Lethal Weapon 3,35000000,17.370858648025116,321731527,1992,5,1,1,0,0,0,0,0,1,5,Adventure,Richard Donner,Mel Gibson,6.875,6.574999999999999,6.991666666666667,68444912.47292417,6.4
364,Batman Returns,80000000,18.197537205138154,280000000,1992,6,1,0,0,0,0,0,0,0,2,Action,Tim Burton,Michael Keaton,7.2,7.05,6.9783333333333335,-39404778.70035462,6.6
9374,Death Becomes Her,55000000,17.822843761378564,149022650,1992,7,0,1,0,0,0,0,0,0,2,Fantasy,Robert Zemeckis,Meryl Streep,7.5,7.4,6.5,-41828949.964705884,6.3
13937,Raising Cain,12000000,16.300417291085605,37170057,1992,8,0,0,1,1,0,0,0,1,4,Drama,Brian De Palma,John Lithgow,7.220000000000001,6.633333333333333,7.2,26707061.586079553,5.9
33,Unforgiven,14000000,16.454567959008102,159157447,1992,8,0,0,0,0,0,0,0,0,1,Western,Clint Eastwood,Clint Eastwood,6.45,6.6,6.510000000000001,90074423.05263157,7.7
6114,Dracula,40000000,17.50439003707821,215862692,1992,11,0,0,0,1,0,0,1,0,2,Romance,Francis Ford Coppola,Gary Oldman,7.3375,7.5,6.762499999999999,38304921.67647059,7.1
881,A Few Good Men,40000000,17.50439003707821,243240178,1992,12,0,0,1,0,0,0,0,0,1,Drama,Rob Reiner,Tom Cruise,7.566666666666666,6.3500000000000005,7.066666666666666,26707061.586079553,7.1
9350,Cliffhanger,70000000,18.064005814299346,255000211,1993,5,1,0,0,0,0,0,0,1,3,Action,Renny Harlin,Sylvester Stallone,6.325,6.437500000000001,6.716666666666666,-121585372.30641523,6.1
329,Jurassic Park,63000000,17.958645300228824,920100000,1993,6,0,0,0,0,1,0,0,0,2,Adventure,Steven Spielberg,Sam Neill,7.05,6.666666666666667,7.8,36285183.47292417,7.6
319,True Romance,12500000,16.341239282272525,12281551,1993,9,1,0,0,0,0,0,1,1,4,Action,Tony Scott,Christian Slater,6.233333333333334,6.6,6.25,-121585372.30641523,7.5
10436,The Age of Innocence,34000000,17.341871111992198,32255440,1993,9,0,0,1,0,0,0,1,0,2,Drama,Martin Scorsese,Daniel Day-Lewis,7.3999999999999995,6.733333333333333,7.2444444444444445,46667420.58607955,7.0
13,Forrest Gump,55000000,17.822843761378564,677945399,1994,7,0,1,1,0,0,0,1,0,3,Comedy,Robert Zemeckis,Tom Hanks,7.2,6.824999999999999,7.3,54443890.24975921,8.2
522,Ed Wood,18000000,16.705882371415992,5887457,1994,9,0,1,1,0,0,0,0,0,3,Comedy,Tim Burton,Johnny Depp,7.050000000000001,7.3999999999999995,6.550000000000001,54443890.24975921,7.3
11596,New Nightmare,14000000,16.454567959008102,18090181,1994,10,0,0,0,1,0,0,0,1,4,Horror,Wes Craven,Heather Langenkamp,7.2,6.85,6.0600000000000005,53190936.65463917,6.4
8984,Disclosure,55000000,17.822843761378564,214015089,1994,12,0,0,1,0,0,0,1,1,5,Drama,Barry Levinson,Michael Douglas,7.35,6.6000000000000005,7.0,-10850277.647253789,5.9
76,Before Sunrise,2500000,14.731801689838349,5535405,1995,1,0,0,1,0,0,0,1,0,2,Drama,Richard Linklater,Ethan Hawke,7.4,7.1000000000000005,6.1,-2660704.736997381,7.7
8963,Crimson Tide,53000000,17.78580249038432,157387195,1995,5,1,0,1,0,0,0,0,1,3,Action,Tony Scott,Denzel Washington,6.550000000000001,6.959999999999999,7.037037037037037,-46416503.922576845,7.0
688,The Bridges of Madison County,24000000,16.993564429978885,182016617,1995,5,0,0,1,0,0,0,1,0,2,Drama,Clint Eastwood,Meryl Streep,6.866666666666667,7.033333333333334,6.783333333333334,-2660704.736997381,7.3
414,Batman Forever,100000000,18.420680753952364,336529144,1995,5,1,0,0,0,0,0,0,0,3,Action,Joel Schumacher,Val Kilmer,6.5,6.933333333333334,6.6312500000000005,-46416503.922576845,5.2
568,Apollo 13,52000000,17.76675429577647,355237933,1995,6,0,0,1,0,0,0,0,0,1,Drama,Ron Howard,Tom Hanks,6.1,7.1,7.20125,-2660704.736997381,7.3
807,Se7en,33000000,17.312018149733785,327311859,1995,9,0,0,0,0,0,0,0,1,3,Crime,David Fincher,Brad Pitt,6.2,7.2,6.135,64449552.04444446,8.1
9691,Assassins,50000000,17.72753358339242,30303072,1995,10,1,0,0,0,0,0,0,1,4,Action,Richard Donner,Sylvester Stallone,6.779999999999999,6.3100000000000005,6.933333333333334,-46416503.922576845,6.0
12158,Vampire in Brooklyn,14000000,16.454567959008102,19800000,1995,10,0,1,0,1,0,0,1,0,3,Comedy,Wes Craven,Eddie Murphy,6.800000000000001,6.083333333333333,7.15,-29171534.550240777,4.5
9087,The American President,62000000,17.9426449591384,107879496,1995,11,0,1,1,0,0,0,1,0,3,Comedy,Rob Reiner,Michael Douglas,7.449999999999999,6.425000000000001,7.225,-29171534.550240777,6.5
524,Casino,52000000,17.76675429577647,116112375,1995,11,0,0,1,0,0,0,0,0,2,Drama,Martin Scorsese,Robert De Niro,7.35,7.666666666666667,6.779166666666667,-2660704.736997381,7.8
10858,Nixon,44000000,17.599700214609808,13681765,1995,12,0,0,1,0,0,0,0,0,2,History,Oliver Stone,Anthony Hopkins,7.016666666666667,7.383333333333334,6.692,-91463376.47058824,7.1
1408,Cutthroat Island,98000000,18.400478046838927,10017322,1995,12,1,0,0,0,0,0,0,0,2,Action,Renny Harlin,Geena Davis,6.279999999999999,6.9,6.0,-46416503.922576845,5.7
10534,White Squall,38000000,17.453096744006448,10300000,1996,2,1,0,1,0,0,0,0,0,2,Action,Ridley Scott,Jeff Bridges,7.333333333333333,7.2,7.4,56110419.812465906,6.3
954,Mission: Impossible,80000000,18.197537205138154,457696359,1996,5,1,0,0,0,0,0,0,1,3,Adventure,Brian De Palma,Tom Cruise,7.0,6.555555555555556,7.366666666666667,-110767297.52707583,6.7
9802,The Rock,75000000,18.132998684833918,335062621,1996,6,1,0,0,0,0,0,0,1,3,Action,Michael Bay,Sean Connery,6.5,6.622222222222222,6.475,56110419.812465906,6.9
11543,Kingpin,27000000,17.11134746100564,25023434,1996,7,0,1,0,0,0,0,0,0,1,Comedy,Bobby Farrelly,Woody Harrelson,6.5,5.4,6.641666666666666,-29060123.164526492,6.7
1645,A Time to Kill,40000000,17.50439003707821,152266007,1996,7,0,0,1,0,0,0,0,1,3,Crime,Joel Schumacher,Matthew McConaughey,6.175,6.9,6.57,29228373.47777778,7.0
10061,Escape from L.A.,50000000,17.72753358339242,42277365,1996,8,1,0,0,0,1,0,0,1,4,Action,John Carpenter,Kurt Russell,6.9142857142857155,6.849999999999999,6.866666666666667,56110419.812465906,5.6
9566,The Fan,55000000,17.822843761378564,18626419,1996,8,0,0,1,0,0,0,0,1,3,Drama,Tony Scott,Robert De Niro,6.640000000000001,7.68,6.1000000000000005,-20579600.18234151,5.7
11412,The Long Kiss Goodnight,65000000,17.989897843244528,89456761,1996,10,1,0,0,0,0,0,0,1,4,Crime,Renny Harlin,Geena Davis,6.183333333333334,6.5,6.45,29228373.47777778,6.5
819,Sleepers,44000000,17.599700214609808,165615285,1996,10,0,0,1,0,0,0,0,1,3,Crime,Barry Levinson,Robert De Niro,6.866666666666667,7.5,7.055555555555556,29228373.47777778,7.3
3595,Ransom,80000000,18.197537205138154,309492681,1996,11,1,0,0,0,0,0,0,1,2,Action,Ron Howard,Mel Gibson,6.699999999999999,6.728571428571429,6.834444444444444,56110419.812465906,6.4
11228,Daylight,80000000,18.197537205138154,159212469,1996,12,1,0,0,0,0,0,0,1,3,Action,Rob Cohen,Sylvester Stallone,6.4,6.281818181818182,5.961111111111111,56110419.812465906,5.8
75,Mars Attacks!,70000000,18.064005814299346,101371017,1996,12,0,1,0,0,1,0,0,0,3,Comedy,Tim Burton,Jack Nicholson,7.1,7.5,6.454166666666667,-29060123.164526492,6.1
66,Absolute Power,50000000,17.72753358339242,50068310,1997,2,0,0,1,0,0,0,0,1,3,Crime,Clint Eastwood,Clint Eastwood,6.9750000000000005,6.857142857142857,6.61952380952381,-11976893.212698407,6.4
2255,Chasing Amy,250000,12.429220196836383,12021272,1997,4,0,1,1,0,0,0,1,0,3,Comedy,Kevin Smith,Ben Affleck,7.1,6.8,7.1,42778675.41339558,6.7
330,The Lost World: Jurassic Park,73000000,18.105970012811294,229074524,1997,5,1,0,0,0,1,0,0,0,3,Adventure,Steven Spielberg,Jeff Goldblum,7.199999999999999,7.15,6.93,-87798032.77707583,6.2
415,Batman & Robin,125000000,18.643824303266577,238207122,1997,6,1,0,0,0,0,0,0,0,3,Action,Joel Schumacher,George Clooney,6.34,6.9,6.526666666666666,-12254053.268982053,4.2
686,Contact,90000000,18.31532023940565,171120329,1997,7,0,0,1,0,1,0,0,0,3,Drama,Robert Zemeckis,Jodie Foster,7.4,8.05,6.85625,93592720.53902073,7.2
8834,Conspiracy Theory,75000000,18.132998684833918,136982834,1997,8,1,0,1,0,0,0,0,1,4,Action,Richard Donner,Mel Gibson,6.6499999999999995,6.6875,6.553571428571429,-12254053.268982053,6.5
8413,Event Horizon,60000000,17.909855136853043,26673242,1997,8,0,0,0,1,1,0,0,0,3,Horror,Paul W.S. Anderson,Laurence Fishburne,5.4,6.7749999999999995,6.816666666666666,21958363.40463917,6.5
4421,G.I. Jane,50000000,17.72753358339242,48169156,1997,8,1,0,1,0,0,0,0,0,2,Action,Ridley Scott,Demi Moore,7.075,6.099999999999999,7.1875,-12254053.268982053,6.0
2639,Deconstructing Harry,20000000,16.811242881518265,10686841,1997,8,0,1,1,0,0,0,0,0,2,Comedy,Woody Allen,Woody Allen,7.025,7.025,6.7,42778675.41339558,7.3
2649,The Game,50000000,17.72753358339242,109423648,1997,9,0,0,1,0,0,0,0,1,3,Drama,David Fincher,Michael Douglas,7.15,6.433333333333334,5.825,93592720.53902073,7.5
11975,The Rainmaker,40000000,17.50439003707821,45916769,1997,11,0,0,1,0,0,0,0,1,3,Drama,Francis Ford Coppola,Matt Damon,7.311111111111111,6.2,6.534722222222222,93592720.53902073,6.7
8197,Midnight in the Garden of Good and Evil,35000000,17.370858648025116,25105255,1997,11,0,0,1,0,0,0,0,1,4,Crime,Clint Eastwood,John Cusack,6.860000000000001,6.95,6.416666666666667,-11976893.212698407,6.3
11831,Amistad,36000000,17.399029524198163,74000000,1997,12,0,0,1,0,0,0,0,0,3,Drama,Steven Spielberg,Morgan Freeman,7.123076923076923,7.011111111111111,6.492063492063491,93592720.53902073,6.8
4233,Scream 2,24000000,16.993564429978885,172363301,1997,12,0,0,0,1,0,0,0,0,2,Horror,Wes Craven,David Arquette,6.275,7.0,6.316666666666667,21958363.40463917,6.1
586,Wag the Dog,15000000,16.52356082573315,64256513,1997,12,0,1,1,0,0,0,0,0,2,Comedy,Barry Levinson,Dustin Hoffman,6.9750000000000005,6.35,6.989285714285714,42778675.41339558,6.7
10153,Sphere,75000000,18.132998684833918,13100000,1998,2,0,0,0,0,1,0,0,0,1,Science Fiction,Barry Levinson,Dustin Hoffman,6.92,6.388888888888889,6.873749999999999,-147134092.63157895,5.8
42807,The Newton Boys,27000000,17.11134746100564,76000000,1998,3,1,0,1,0,0,0,0,0,3,Crime,Richard Linklater,Matthew McConaughey,7.550000000000001,6.9750000000000005,7.01111111111111,13488283.64444445,5.9
95,Armageddon,140000000,18.757152987716434,553799566,1998,7,1,0,0,0,1,0,0,1,4,Action,Michael Bay,Bruce Willis,6.7,6.766666666666667,6.843333333333334,-10843927.200354606,6.4
944,Lethal Weapon 4,140000000,18.757152987716434,285444603,1998,7,1,1,0,0,0,0,0,1,5,Action,Richard Donner,Mel Gibson,6.628571428571428,6.666666666666667,6.68015873015873,-10843927.200354606,6.3
544,There's Something About Mary,23000000,16.951004817371683,369884651,1998,7,0,1,0,0,0,0,1,0,2,Romance,Bobby Farrelly,Cameron Diaz,6.6,6.2,6.650000000000001,83929879.6764706,6.5
857,Saving Private Ryan,70000000,18.064005814299346,481840909,1998,7,0,0,1,0,0,0,0,0,3,Drama,Steven Spielberg,Tom Hanks,7.1,7.214285714285714,6.366666666666667,3424541.0281848162,7.9
8688,Snake Eyes,73000000,18.105970012811294,103891409,1998,8,0,0,0,0,0,0,0,0,2,Crime,Brian De Palma,Nicolas Cage,6.957142857142857,6.599999999999999,6.4799999999999995,13488283.64444445,5.8
9425,Soldier,75000000,18.132998684833918,14567883,1998,10,1,0,0,0,1,0,0,0,3,Action,Paul W.S. Anderson,Kurt Russell,5.95,6.6625,6.650000000000001,-10843927.200354606,6.1
9798,Enemy of the State,90000000,18.31532023940565,250649836,1998,11,1,0,1,0,0,0,0,1,3,Action,Tony Scott,Will Smith,6.483333333333334,6.7,6.50625,-10843927.200354606,6.7
8224,8MM,40000000,17.50439003707821,96618699,1999,2,0,0,0,0,0,0,0,1,3,Thriller,Joel Schumacher,Nicolas Cage,5.983333333333333,6.485714285714285,6.916666666666667,-38281991.02586207,6.1
8914,Deep Blue Sea,60000000,17.909855136853043,73648228,1999,7,1,0,0,0,1,0,0,1,3,Action,Renny Harlin,Thomas Jane,6.228571428571429,7.5,7.063333333333333,-56804262.78368795,5.6
12220,The Story of Us,50000000,17.72753358339242,58900031,1999,10,0,1,1,0,0,0,1,0,3,Comedy,Rob Reiner,Bruce Willis,7.26,6.75,6.871428571428571,-21973058.557383634,5.9
550,Fight Club,63000000,17.958645300228824,100853753,1999,10,0,0,1,0,0,0,0,0,1,Drama,David Fincher,Edward Norton,7.266666666666667,7.55,6.304761904761905,-14434761.133920453,8.3
1832,Dogma,10000000,16.118095750958314,30652890,1999,11,0,1,0,0,0,0,0,0,3,Fantasy,Kevin Smith,Ben Affleck,6.966666666666666,6.779999999999999,6.805000000000001,-102249734.46470588,6.8
9563,Any Given Sunday,55000000,17.822843761378564,100230832,1999,12,0,0,1,0,0,0,0,0,1,Drama,Oliver Stone,Al Pacino,7.028571428571429,7.38,6.448333333333332,-14434761.133920453,6.8
4234,Scream 3,40000000,17.50439003707821,161834276,2000,2,0,0,0,1,0,0,0,0,2,Horror,Wes Craven,David Arquette,6.24,6.55,6.413333333333334,6852517.354639173,5.7
2067,Mission to Mars,90000000,18.31532023940565,60874615,2000,3,0,0,0,0,1,0,0,0,1,Science Fiction,Brian De Palma,Gary Sinise,6.8125,6.62,6.937500000000001,-96547470.63157895,5.7
462,Erin Brockovich,52000000,17.76675429577647,256271286,2000,3,0,0,1,0,0,0,0,0,1,Drama,Steven Soderbergh,Julia Roberts,6.55,6.409999999999999,6.3,14072463.71239534,7.1
11478,The Skulls,15000000,16.52356082573315,35007180,2000,3,0,0,1,0,0,0,0,1,3,Crime,Rob Cohen,Joshua Jackson,6.1,6.5,5.938888888888889,-11635130.85555555,5.8
98,Gladiator,103000000,18.450239555902648,457640427,2000,5,1,0,1,0,0,0,0,0,3,Action,Ridley Scott,Russell Crowe,6.859999999999999,6.539999999999999,6.583333333333334,-52093800.19158268,7.9
2123,"Me, Myself & Irene",51000000,17.747336210296442,149270999,2000,6,0,1,0,0,0,0,0,0,1,Comedy,Bobby Farrelly,Jim Carrey,6.566666666666666,6.363636363636363,6.316666666666666,20599294.192616373,6.1
2655,What Lies Beneath,100000000,18.420680753952364,155464351,2000,7,0,0,1,1,0,0,0,1,4,Drama,Robert Zemeckis,Harrison Ford,7.366666666666667,6.958823529411765,6.172222222222222,14072463.71239534,6.3
5551,Space Cowboys,65000000,17.989897843244528,128884132,2000,7,1,0,0,0,0,0,0,1,3,Action,Clint Eastwood,Clint Eastwood,6.766666666666667,6.8,6.524761904761904,-52093800.19158268,6.3
8871,How the Grinch Stole Christmas,123000000,18.627694921466773,345141403,2000,11,0,1,0,0,0,0,0,0,3,Family,Ron Howard,Jim Carrey,6.599999999999999,6.341666666666666,6.266666666666666,-60863203.310810804,6.2
8358,Cast Away,90000000,18.31532023940565,429632142,2000,12,0,0,1,0,0,0,0,0,2,Adventure,Robert Zemeckis,Tom Hanks,7.214285714285714,7.290909090909091,6.6,9222134.306257516,7.5
1900,Traffic,48000000,17.6867115897055,207515725,2000,12,0,0,1,0,0,0,0,1,3,Thriller,Steven Soderbergh,Michael Douglas,6.733333333333333,6.585714285714286,6.608333333333333,-40017987.27586207,6.9
676,Pearl Harbor,140000000,18.757152987716434,449220945,2001,5,0,0,0,0,0,0,1,0,3,History,Michael Bay,Ben Affleck,6.6000000000000005,6.574999999999999,6.588952380952381,344075803.5294118,6.6
9799,The Fast and the Furious,38000000,17.453096744006448,207283925,2001,6,1,0,0,0,0,0,0,1,3,Action,Rob Cohen,Paul Walker,6.0,5.2,6.6875,-80619347.58541209,6.6
644,A.I. Artificial Intelligence,100000000,18.420680753952364,235926552,2001,6,0,0,1,0,1,0,0,0,3,Drama,Steven Spielberg,Haley Joel Osment,7.153333333333333,7.35,6.213333333333334,-2652431.688920453,6.8
869,Planet of the Apes,100000000,18.420680753952364,362211740,2001,7,1,0,0,0,1,0,0,1,4,Thriller,Tim Burton,Mark Wahlberg,6.933333333333334,6.383333333333334,6.530000000000001,86297955.47413793,5.6
12610,Osmosis Jones,75000000,18.132998684833918,13596911,2001,8,1,1,0,0,0,1,0,0,5,Adventure,Bobby Farrelly,Chris Rock,6.449999999999999,6.8,6.245833333333334,59656176.63959086,5.9
2294,Jay and Silent Bob Strike Back,22000000,16.906553056777135,33788161,2001,8,0,1,0,0,0,0,0,0,1,Comedy,Kevin Smith,Kevin Smith,6.925,7.050000000000001,6.822222222222221,-7249344.283574104,6.4
10016,Ghosts of Mars,28000000,17.147715103853763,14010832,2001,8,1,0,0,1,1,0,0,0,3,Action,John Carpenter,Natasha Henstridge,6.750000000000001,5.35,6.5216666666666665,-80619347.58541209,4.8
3172,Bandits,75000000,18.132998684833918,67631903,2001,10,1,1,0,0,0,0,1,0,4,Action,Barry Levinson,Bruce Willis,6.733333333333333,6.625000000000001,6.85,-80619347.58541209,6.2
9889,Shallow Hal,40000000,17.50439003707821,141069860,2001,11,0,1,0,0,0,0,1,0,2,Comedy,Bobby Farrelly,Gwyneth Paltrow,6.339999999999999,6.833333333333333,6.125,-7249344.283574104,5.7
1535,Spy Game,92000000,18.33729914588288,143049560,2001,11,1,0,0,0,0,0,0,1,3,Action,Tony Scott,Robert Redford,6.514285714285715,7.2,6.7975,-80619347.58541209,6.8
161,Ocean's Eleven,85000000,18.258161826219297,450717150,2001,12,0,0,0,0,0,0,0,1,2,Thriller,Steven Soderbergh,George Clooney,6.775,6.414285714285714,6.767929292929293,86297955.47413793,7.2
453,A Beautiful Mind,60000000,17.909855136853043,313542341,2001,12,0,0,1,0,0,0,1,0,2,Drama,Ron Howard,Russell Crowe,6.499999999999999,6.766666666666666,6.934,-2652431.688920453,7.7
120,The Lord of the Rings: The Fellowship of the Ring,93000000,18.34811006187022,871368364,2001,12,1,0,0,0,0,0,0,0,3,Adventure,Peter Jackson,Elijah Wood,7.0,5.999999999999999,6.449166666666667,59656176.63959086,8.0
855,Black Hawk Down,92000000,18.33729914588288,172989651,2001,12,1,0,0,0,0,0,0,0,3,Action,Ridley Scott,Josh Hartnett,7.033333333333332,6.633333333333333,6.572916666666666,-80619347.58541209,7.2
1576,Resident Evil,33000000,17.312018149733785,102984862,2002,3,1,0,0,1,1,0,0,0,3,Horror,Paul W.S. Anderson,Milla Jovovich,6.0,6.299999999999999,6.6,-7212323.34536083,6.4
4547,Panic Room,48000000,17.6867115897055,196397415,2002,3,0,0,1,0,0,0,0,1,3,Crime,David Fincher,Jodie Foster,7.525,7.766666666666667,6.788888888888889,22226904.215873018,6.5
3132,Bad Company,70000000,18.064005814299346,65977295,2002,6,1,1,0,0,0,0,0,1,4,Action,Joel Schumacher,Anthony Hopkins,6.0,7.072727272727274,6.3374999999999995,-59726011.225995645,5.4
180,Minority Report,102000000,18.440483381052466,358372926,2002,6,1,0,0,0,1,0,0,1,4,Action,Steven Spielberg,Tom Cruise,7.13125,6.626666666666667,6.476428571428572,-59726011.225995645,7.1
15186,Full Frontal,2000000,14.508658238524095,2506446,2002,8,0,1,1,0,0,0,1,0,3,Comedy,Steven Soderbergh,David Duchovny,6.860000000000001,6.35,6.4603846153846165,-18290466.488702312,4.8
9573,Blood Work,50000000,17.72753358339242,26199517,2002,8,0,0,1,0,0,0,0,1,4,Crime,Clint Eastwood,Clint Eastwood,6.7,6.744444444444444,6.535,22226904.215873018,6.1
9488,Spy Kids 2: The Island of Lost Dreams,38000000,17.453096744006448,119723358,2002,8,1,0,0,0,0,0,0,0,3,Action,Robert Rodriguez,Antonio Banderas,6.35,6.336363636363637,5.830555555555556,-59726011.225995645,5.3
7451,xXx,70000000,18.064005814299346,277448382,2002,8,1,0,0,0,0,0,0,1,3,Action,Rob Cohen,Vin Diesel,6.15,6.866666666666666,5.96875,-59726011.225995645,5.8
1817,Phone Booth,13000000,16.380459992348886,97837138,2002,9,0,0,1,0,0,0,0,1,2,Thriller,Joel Schumacher,Colin Farrell,5.925,6.233333333333334,6.4975000000000005,21247750.474137932,6.7
3131,Gangs of New York,100000000,18.420680753952364,193772504,2002,12,0,0,1,0,0,0,0,0,3,Drama,Martin Scorsese,Leonardo DiCaprio,7.339999999999999,6.859999999999999,6.498761904761904,1339300.1548295468,7.1
121,The Lord of the Rings: The Two Towers,79000000,18.184958423089522,926287400,2002,12,1,0,0,0,0,0,0,0,3,Adventure,Peter Jackson,Elijah Wood,7.5,6.3999999999999995,6.993333333333334,106433837.36181307,8.0
640,Catch Me If You Can,52000000,17.76675429577647,352114312,2002,12,0,0,1,0,0,0,0,0,2,Drama,Steven Spielberg,Leonardo DiCaprio,7.129411764705882,6.8999999999999995,6.567548076923076,1339300.1548295468,7.7
12090,Just Married,18000000,16.705882371415992,101564935,2003,1,0,1,0,0,0,0,0,0,1,Comedy,Shawn Levy,Ashton Kutcher,5.6,5.2,6.344444444444444,17208567.777031958,5.3
17813,Alex & Emma,30000000,17.216707972959764,15368897,2003,6,0,1,0,0,0,0,1,0,2,Comedy,Rob Reiner,Luke Wilson,7.033333333333332,6.3,6.3950000000000005,17208567.777031958,5.0
8961,Bad Boys II,130000000,18.683045016112164,273339556,2003,7,1,1,0,0,0,0,0,1,5,Adventure,Michael Bay,Martin Lawrence,6.6,5.720000000000001,6.073958333333334,166210275.0729242,6.3
12279,Spy Kids 3-D: Game Over,38000000,17.453096744006448,197011982,2003,7,1,1,0,0,1,0,0,0,5,Action,Robert Rodriguez,Antonio Banderas,6.14,6.107142857142857,5.667549019607843,-35518094.333687946,4.7
1428,Once Upon a Time in Mexico,29000000,17.182806422433504,98185582,2003,9,1,0,0,0,0,0,0,0,1,Action,Robert Rodriguez,Antonio Banderas,5.8999999999999995,6.013333333333334,5.999945054945054,-35518094.333687946,6.2
1584,School of Rock,35000000,17.370858648025116,131282949,2003,10,0,1,0,0,0,0,0,0,2,Comedy,Richard Linklater,Jack Black,7.0,6.166666666666667,6.366666666666666,17208567.777031958,6.7
322,Mystic River,25000000,17.034386422832473,156822020,2003,10,0,0,1,0,0,0,0,1,4,Thriller,Clint Eastwood,Sean Penn,6.625,7.242857142857143,6.455119047619047,3946981.474137932,7.6
9562,Timeline,80000000,18.197537205138154,19480739,2003,11,1,0,0,0,1,0,0,0,3,Action,Richard Donner,Paul Walker,6.5874999999999995,5.783333333333334,5.855555555555555,-35518094.333687946,5.4
122,The Lord of the Rings: The Return of the King,94000000,18.358805350872576,1118888979,2003,12,1,0,0,0,0,0,0,0,3,Adventure,Peter Jackson,Elijah Wood,7.666666666666667,6.666666666666667,7.243571428571428,166210275.0729242,8.1
1792,Stuck on You,55000000,17.822843761378564,33828318,2003,12,0,1,0,0,0,0,0,0,1,Comedy,Bobby Farrelly,Matt Damon,6.233333333333333,6.961538461538461,6.447222222222222,17208567.777031958,5.1
11007,Cheaper by the Dozen,40000000,17.50439003707821,190212113,2003,12,0,1,0,0,0,0,0,0,1,Comedy,Shawn Levy,Steve Martin,5.449999999999999,6.1000000000000005,5.599999999999999,17208567.777031958,6.0
587,Big Fish,70000000,18.064005814299346,122919055,2003,12,0,0,1,0,0,0,0,0,3,Adventure,Tim Burton,Ewan McGregor,6.742857142857143,7.0200000000000005,6.766666666666667,166210275.0729242,7.6
80,Before Sunset,2700000,14.80876270134486,15992615,2004,2,0,0,1,0,0,0,1,0,2,Drama,Richard Linklater,Ethan Hawke,6.925,7.1,6.9,25663552.586079553,7.6
9541,Jersey Girl,35000000,17.370858648025116,36098382,2004,3,0,1,0,0,0,0,1,0,2,Comedy,Kevin Smith,Ben Affleck,6.82,6.200000000000001,6.6000000000000005,-9364692.842132673,5.8
9509,Man on Fire,70000000,18.064005814299346,130293714,2004,4,1,0,1,0,0,0,0,1,4,Action,Tony Scott,Denzel Washington,6.550000000000001,6.723529411764706,6.8933333333333335,21561178.91631204,7.3
16617,Mindhunters,27000000,17.11134746100564,21148829,2004,5,0,0,0,0,0,0,0,1,3,Mystery,Renny Harlin,LL Cool J,5.966666666666667,6.1000000000000005,5.95,-58941067.87037037,6.3
594,The Terminal,60000000,17.909855136853043,219417255,2004,6,0,1,1,0,0,0,0,0,2,Comedy,Steven Spielberg,Tom Hanks,7.16111111111111,7.335714285714286,6.296875,-9364692.842132673,7.0
395,AVP: Alien vs. Predator,70000000,18.064005814299346,171183863,2004,8,1,0,0,0,1,0,0,0,3,Adventure,Paul W.S. Anderson,Sanaa Lathan,6.1,6.824999999999999,6.449999999999999,72389574.67292416,5.5
11026,Exorcist: The Beginning,80000000,18.197537205138154,78000586,2004,8,0,0,0,1,0,0,0,1,3,Horror,Renny Harlin,Stellan Skarsgård,6.0,6.4,6.533333333333333,37277758.95463917,4.7
5255,The Polar Express,165000000,18.92145603792546,305875730,2004,11,0,0,0,0,0,1,0,0,4,Adventure,Robert Zemeckis,Tom Hanks,7.25,7.3133333333333335,6.44,72389574.67292416,6.4
1966,Alexander,155000000,18.858935681335133,167298192,2004,11,1,0,1,0,0,0,1,0,6,War,Oliver Stone,Colin Farrell,7.0,6.333333333333333,6.396958596958598,82397667.55555555,5.6
9833,The Phantom of the Opera,70000000,18.064005814299346,154648887,2004,12,0,0,1,0,0,0,1,1,3,Thriller,Joel Schumacher,Gerard Butler,6.09,5.375,6.3100000000000005,54312081.72413793,7.0
163,Ocean's Twelve,110000000,18.5159909328476,362744280,2004,12,0,0,0,0,0,0,0,1,2,Thriller,Steven Soderbergh,George Clooney,6.516666666666667,6.433333333333334,6.642750000000001,54312081.72413793,6.4
70,Million Dollar Baby,30000000,17.216707972959764,216763646,2004,12,0,0,1,0,0,0,0,0,1,Drama,Clint Eastwood,Clint Eastwood,6.733333333333333,6.68,6.459803921568627,25663552.586079553,7.7
2567,The Aviator,116000000,18.569100757691327,102000000,2004,12,0,0,1,0,0,0,0,0,1,Drama,Martin Scorsese,Leonardo DiCaprio,7.318181818181817,7.014285714285714,6.532714285714286,25663552.586079553,7.0
187,Sin City,40000000,17.50439003707821,158733820,2005,4,1,0,0,0,0,0,0,1,3,Action,Robert Rodriguez,Jessica Alba,5.942857142857143,6.05,6.4297619047619055,-64797781.90868795,7.2
1495,Kingdom of Heaven,130000000,18.683045016112164,211643158,2005,5,1,0,1,0,0,0,0,0,5,Drama,Ridley Scott,Orlando Bloom,7.057142857142857,7.7,6.5361111111111105,-12922953.570677213,6.6
921,Cinderella Man,88000000,18.292847383806116,108539911,2005,6,0,0,1,0,0,0,1,0,3,Romance,Ron Howard,Russell Crowe,6.739999999999999,6.8999999999999995,6.369642857142857,8237932.926470593,7.3
74,War of the Worlds,132000000,18.6983124881264,591739379,2005,6,0,0,0,0,1,0,0,1,3,Adventure,Steven Spielberg,Tom Cruise,7.152631578947367,6.711111111111111,6.4688888888888885,53284275.01138574,6.2
118,Charlie and the Chocolate Factory,150000000,18.826145858727198,474968763,2005,7,0,1,0,0,0,0,0,0,4,Adventure,Tim Burton,Johnny Depp,6.8500000000000005,6.8812500000000005,6.65,53284275.01138574,6.7
1635,The Island,126000000,18.65179247285226,162949164,2005,7,1,0,0,0,1,0,0,1,4,Action,Michael Bay,Ewan McGregor,6.539999999999999,6.777777777777779,6.5479242424242425,-64797781.90868795,6.5
10048,Stealth,135000000,18.72078534381011,76932943,2005,7,1,0,0,0,0,0,0,0,1,Action,Rob Cohen,Josh Lucas,6.08,6.2,6.451952380952382,-64797781.90868795,4.9
11460,Red Eye,26000000,17.073607134447293,57891803,2005,8,0,0,0,1,0,0,0,1,2,Horror,Wes Craven,Rachel McAdams,6.000000000000001,7.300000000000001,7.022727272727273,6420995.376861393,6.2
3933,Corpse Bride,40000000,17.50439003707821,117195061,2005,9,0,0,0,0,0,1,1,0,4,Romance,Tim Burton,Johnny Depp,6.833333333333334,6.870588235294118,6.547222222222222,8237932.926470593,7.2
9923,Domino,50000000,17.72753358339242,22944502,2005,9,1,0,0,0,0,0,0,0,2,Action,Tony Scott,Keira Knightley,6.633333333333334,7.040000000000001,6.205555555555556,-64797781.90868795,6.0
116,Match Point,15000000,16.52356082573315,85306374,2005,10,0,0,1,0,0,0,1,1,4,Drama,Woody Allen,Jonathan Rhys Meyers,7.08,5.975,6.561111111111111,-12922953.570677213,7.3
254,King Kong,207000000,19.14822935606056,550000000,2005,12,1,0,1,0,0,0,0,0,3,Adventure,Peter Jackson,Naomi Watts,7.775,6.425000000000001,6.2275,53284275.01138574,6.6
612,Munich,70000000,18.064005814299346,130358911,2005,12,1,0,1,0,0,0,0,1,4,Drama,Steven Spielberg,Eric Bana,7.104999999999999,6.466666666666666,6.783333333333333,-12922953.570677213,6.9
2207,16 Blocks,55000000,17.822843761378564,65664721,2006,3,1,0,0,0,0,0,0,1,4,Action,Richard Donner,Bruce Willis,6.455555555555555,6.556521739130435,6.717857142857143,-60583013.13368794,6.2
591,The Da Vinci Code,125000000,18.643824303266577,767820459,2006,5,0,0,0,0,0,0,0,1,2,Thriller,Ron Howard,Tom Hanks,6.833333333333332,7.2562500000000005,6.829434523809523,324994917.9741379,6.5
3509,A Scanner Darkly,8700000,15.978833698567334,7659918,2006,5,0,0,0,0,1,1,0,1,3,Animation,Richard Linklater,Keanu Reeves,7.06,6.675,6.213888888888889,-63241886.23041472,6.8
2295,Clerks II,5000000,15.424948670398354,26888376,2006,5,0,1,0,0,0,0,0,0,1,Comedy,Kevin Smith,Brian O'Halloran,6.6499999999999995,6.9,6.560555555555555,6879451.6861228645,6.9
512,Scoop,4000000,15.201805169084134,31584901,2006,7,0,1,0,0,0,0,0,0,2,Comedy,Woody Allen,Scarlett Johansson,7.116666666666666,6.95,6.225,6879451.6861228645,6.4
1852,World Trade Center,63000000,17.958645300228824,162945894,2006,8,0,0,1,0,0,0,0,1,3,Drama,Oliver Stone,Nicolas Cage,6.844444444444445,6.31875,6.745833333333334,-15834461.413920455,5.9
9954,The Covenant,20000000,16.811242881518265,37597471,2006,9,1,0,0,1,1,0,0,1,6,Action,Renny Harlin,Steven Strait,5.881818181818182,4.5,6.4,-60583013.13368794,5.2
9726,A Good Year,35000000,17.370858648025116,42064105,2006,9,0,1,1,0,0,0,1,0,3,Comedy,Ridley Scott,Russell Crowe,7.0,6.944444444444444,6.561111111111111,6879451.6861228645,6.5
9676,The Black Dahlia,50000000,17.72753358339242,49111202,2006,9,0,0,1,0,0,0,0,0,1,Drama,Brian De Palma,Josh Hartnett,6.640000000000001,6.6,6.411571428571429,-15834461.413920455,5.7
1422,The Departed,90000000,18.31532023940565,289847354,2006,10,0,0,1,0,0,0,0,1,3,Drama,Martin Scorsese,Leonardo DiCaprio,7.291666666666665,7.0125,6.794411764705882,-15834461.413920455,7.9
9895,Man of the Year,20000000,16.811242881518265,41237648,2006,10,0,1,1,0,0,0,1,1,4,Comedy,Barry Levinson,Robin Williams,6.6571428571428575,6.907142857142857,6.697747252747252,6879451.6861228645,5.8
3683,Flags of Our Fathers,90000000,18.31532023940565,65900249,2006,10,0,0,1,0,0,0,0,0,3,War,Clint Eastwood,Ryan Phillippe,6.83,6.1,5.7749999999999995,-48992945.94444445,6.7
1593,Night at the Museum,110000000,18.5159909328476,574480841,2006,10,1,1,0,0,0,0,0,0,5,Action,Shawn Levy,Ben Stiller,5.633333333333333,6.213333333333333,6.3583333333333325,-60583013.13368794,6.3
182,The Good German,32000000,17.281246492014,5914908,2006,12,0,0,1,0,0,0,1,1,6,War,Steven Soderbergh,George Clooney,6.5,6.418181818181818,6.435119047619048,-48992945.94444445,5.9
3594,The Number 23,30000000,17.216707972959764,77566815,2007,2,0,0,1,0,0,0,0,1,3,Thriller,Joel Schumacher,Jim Carrey,6.172727272727273,6.41764705882353,6.5311111111111115,-14140960.275862068,6.3
1949,Zodiac,65000000,17.989897843244528,84785914,2007,3,0,0,1,0,0,0,0,1,4,Crime,David Fincher,Jake Gyllenhaal,7.32,6.700000000000001,6.382380952380951,43773604.07301588,7.3
285923,Grindhouse,67000000,18.020203192280615,25037897,2007,4,1,0,0,1,0,0,0,1,3,Thriller,Robert Rodriguez,Kurt Russell,5.911111111111111,6.433333333333334,6.49,-14140960.275862068,6.8
298,Ocean's Thirteen,85000000,18.258161826219297,311312624,2007,6,0,0,0,0,0,0,0,1,2,Crime,Steven Soderbergh,George Clooney,6.425,6.375,6.645323565323565,43773604.07301588,6.5
1858,Transformers,150000000,18.826145858727198,709709780,2007,6,1,0,0,0,1,0,0,0,3,Adventure,Michael Bay,Shia LaBeouf,6.533333333333332,6.525,5.870000000000001,100928203.29110599,6.6
4982,American Gangster,100000000,18.420680753952364,266465037,2007,11,0,0,1,0,0,0,0,0,2,Drama,Ridley Scott,Denzel Washington,6.944444444444445,6.755,6.483333333333334,-748359.1472537816,7.4
2310,Beowulf,70000000,18.064005814299346,195735876,2007,11,1,0,0,0,0,1,0,0,3,Adventure,Robert Zemeckis,Ray Winstone,7.155555555555556,7.5,6.546285714285714,100928203.29110599,5.5
7350,The Bucket List,45000000,17.622173069956816,175372502,2007,12,0,1,1,0,0,0,0,0,2,Drama,Rob Reiner,Jack Nicholson,6.742857142857142,7.109090909090909,6.00909090909091,-748359.1472537816,7.0
3580,Changeling,55000000,17.822843761378564,113020255,2008,1,0,0,1,0,0,0,0,0,3,Crime,Clint Eastwood,Angelina Jolie,6.8500000000000005,5.946153846153846,6.4,44144735.64444445,7.3
217,Indiana Jones and the Kingdom of the Crystal Skull,185000000,19.035866388448003,786636033,2008,5,1,0,0,0,0,0,0,0,2,Adventure,Steven Spielberg,Harrison Ford,7.095238095238094,6.728571428571428,6.956666666666666,-17963836.527075827,5.7
1735,The Mummy: Tomb of the Dragon Emperor,145000000,18.7922443072814,401128639,2008,7,1,0,0,0,0,0,0,0,3,Adventure,Rob Cohen,Brendan Fraser,5.883333333333334,5.944444444444445,6.305625,-17963836.527075827,5.2
5038,Vicky Cristina Barcelona,15000000,16.52356082573315,96408652,2008,8,0,0,1,0,0,0,1,0,2,Drama,Woody Allen,Scarlett Johansson,7.014285714285713,6.842857142857143,6.383333333333334,22487308.597844258,6.7
10483,Death Race,45000000,17.622173069956816,73762516,2008,8,1,0,0,0,1,0,0,1,3,Action,Paul W.S. Anderson,Jason Statham,5.9799999999999995,6.4,6.5875,-45606251.70035462,6.0
10358,Zack and Miri Make a Porno,24000000,16.993564429978885,42105111,2008,9,0,1,0,0,0,0,0,0,1,Comedy,Kevin Smith,Seth Rogen,6.685714285714285,6.279999999999999,6.328749999999999,3478879.643509224,6.1
12113,Body of Lies,70000000,18.064005814299346,113280098,2008,10,1,0,1,0,0,0,0,1,3,Action,Ridley Scott,Leonardo DiCaprio,6.99,7.13,6.935416666666667,-45606251.70035462,6.5
8944,What Just Happened,25000000,17.034386422832473,6673422,2008,10,0,1,1,0,0,0,0,0,2,Comedy,Barry Levinson,Bruce Willis,6.55,6.526923076923078,6.553847926267281,3478879.643509224,5.2
10523,W.,25100000,17.038378443942648,29506464,2008,10,0,0,1,0,0,0,0,0,2,Drama,Oliver Stone,Josh Brolin,6.75,6.624999999999999,6.338,22487308.597844258,6.1
4922,The Curious Case of Benjamin Button,150000000,18.826145858727198,333932083,2008,11,0,0,1,0,0,0,1,1,5,Fantasy,David Fincher,Cate Blanchett,7.316666666666666,6.721428571428571,6.7096825396825395,199427032.03529412,7.3
13223,Gran Torino,33000000,17.312018149733785,269958228,2008,12,0,0,1,0,0,0,0,0,1,Drama,Clint Eastwood,Clint Eastwood,6.884615384615385,6.7727272727272725,6.15,22487308.597844258,7.8
17134,12 Rounds,20000000,16.811242881518265,17280326,2009,3,1,0,1,0,0,0,0,1,4,Action,Renny Harlin,John Cena,5.825,5.0,5.612500000000001,127635033.96631205,5.7
13448,Angels & Demons,150000000,18.826145858727198,356613439,2009,5,0,0,0,0,0,0,0,1,2,Thriller,Ron Howard,Tom Hanks,6.785714285714285,7.173684210526316,6.525801282051282,14343784.674137935,6.5
18360,Night at the Museum: Battle of the Smithsonian,150000000,18.826145858727198,413106170,2009,5,1,1,0,0,0,0,0,0,5,Adventure,Shawn Levy,Ben Stiller,5.8,6.2333333333333325,6.318627819548872,-9365945.6039989,5.9
18487,The Taking of Pelham 1 2 3,100000000,18.420680753952364,150166126,2009,6,0,0,1,0,0,0,0,1,3,Thriller,Tony Scott,Denzel Washington,6.57,6.790909090909091,6.124883040935673,14343784.674137935,6.2
8373,Transformers: Revenge of the Fallen,150000000,18.826145858727198,836297228,2009,6,1,0,0,0,1,0,0,0,3,Science Fiction,Michael Bay,Shia LaBeouf,6.542857142857143,6.385714285714286,6.053333333333333,96816538.16842106,6.0
25132,Shorts,40000000,17.50439003707821,28972508,2009,8,0,1,0,0,0,0,0,0,2,Comedy,Robert Rodriguez,Jimmy Bennett,6.0,5.959999999999999,5.440625000000001,-683921.4868261367,5.1
11323,The Informant!,22000000,16.906553056777135,35424826,2009,9,0,1,1,0,0,0,0,0,3,Drama,Steven Soderbergh,Matt Damon,6.433333333333334,6.8199999999999985,6.842222222222222,-18659865.001420453,6.0
17979,A Christmas Carol,200000000,19.11382792951231,325233863,2009,11,0,0,1,0,0,1,0,0,2,Animation,Robert Zemeckis,Gary Oldman,6.99,6.678571428571429,5.955,75936160.05529958,6.6
12404,Me and Orson Welles,25000000,17.034386422832473,2336172,2009,11,0,1,1,0,0,0,1,0,3,Comedy,Richard Linklater,Zac Efron,7.016666666666666,6.1,6.5,-683921.4868261367,6.6
22954,Invictus,60000000,17.909855136853043,122233971,2009,12,0,0,1,0,0,0,0,0,2,Drama,Clint Eastwood,Morgan Freeman,6.95,6.533333333333334,6.78095238095238,-18659865.001420453,7.0
7980,The Lovely Bones,65000000,17.989897843244528,93525586,2009,12,0,0,1,0,0,0,0,0,2,Fantasy,Peter Jackson,Rachel Weisz,7.540000000000001,6.488888888888889,6.386666666666668,-84878071.76470588,6.6
11324,Shutter Island,80000000,18.197537205138154,294804195,2010,2,0,0,1,0,0,0,0,1,3,Drama,Martin Scorsese,Leonardo DiCaprio,7.338461538461538,7.041666666666667,6.429363636363637,3213549.699593067,7.8
23742,Cop Out,30000000,17.216707972959764,55583804,2010,2,1,1,0,0,0,0,0,0,3,Action,Kevin Smith,Bruce Willis,6.6125,6.457142857142857,5.796704545454546,-12263481.367021292,5.3
35056,Date Night,55000000,17.822843761378564,152263880,2010,4,0,1,0,0,0,0,0,0,1,Comedy,Shawn Levy,Tina Fey,5.82,6.166666666666667,6.283571428571429,19660649.47081186,5.9
20662,Robin Hood,200000000,19.11382792951231,310669540,2010,5,1,0,0,0,0,0,0,0,2,Action,Ridley Scott,Russell Crowe,6.945454545454546,6.892857142857144,6.705999999999999,-12263481.367021292,6.2
43949,Flipped,14000000,16.454567959008102,1755212,2010,8,0,0,1,0,0,0,1,0,2,Romance,Rob Reiner,Madeline Carroll,6.7749999999999995,5.65,6.583333333333334,-80090189.5735294,7.4
23631,Machete,20000000,16.811242881518265,31327899,2010,9,1,1,0,0,0,0,0,1,3,Action,Robert Rodriguez,Danny Trejo,5.918181818181818,5.9399999999999995,6.090124999999999,-12263481.367021292,6.3
33909,Wall Street: Money Never Sleeps,70000000,18.064005814299346,134748021,2010,9,0,0,1,0,0,0,0,0,2,Drama,Oliver Stone,Michael Douglas,6.6909090909090905,6.333333333333333,6.301318181818181,3213549.699593067,5.8
35791,Resident Evil: Afterlife,60000000,17.909855136853043,300228084,2010,9,1,0,0,1,1,0,0,0,4,Action,Paul W.S. Anderson,Milla Jovovich,5.983333333333333,6.06,5.478571428571429,-12263481.367021292,5.8
37799,The Social Network,40000000,17.50439003707821,224920315,2010,9,0,0,1,0,0,0,0,0,1,Drama,David Fincher,Jesse Eisenberg,7.314285714285714,6.279999999999999,6.204166666666666,3213549.699593067,7.1
43931,My Soul to Take,25000000,17.034386422832473,19829957,2010,10,0,0,1,1,0,0,0,1,4,Drama,Wes Craven,Max Thieriot,6.025000000000001,5.666666666666667,5.925000000000001,3213549.699593067,5.2
44603,Hereafter,50000000,17.72753358339242,105197635,2010,10,0,0,1,0,0,0,0,0,2,Drama,Clint Eastwood,Matt Damon,6.953333333333333,6.812499999999999,6.0,3213549.699593067,5.8
44048,Unstoppable,100000000,18.420680753952364,167805466,2010,11,1,0,0,0,0,0,0,1,2,Action,Tony Scott,Denzel Washington,6.536363636363637,6.758333333333333,6.9423076923076925,-12263481.367021292,6.3
44564,The Dilemma,70000000,18.064005814299346,67112664,2011,1,0,1,1,0,0,0,0,0,2,Comedy,Ron Howard,Kevin James,6.749999999999999,5.725,6.351837606837606,10987239.95885013,5.2
48988,Hall Pass,36000000,17.399029524198163,83160734,2011,2,0,1,0,0,0,0,0,0,1,Comedy,Bobby Farrelly,Owen Wilson,6.05,5.9,5.988888888888888,10987239.95885013,5.4
41446,Scream 4,40000000,17.50439003707821,97138686,2011,4,0,0,0,1,0,0,0,0,2,Horror,Wes Craven,David Arquette,5.9333333333333345,5.616666666666667,5.953738095238094,-17633561.34536083,6.1
50601,5 Days of War,20000000,16.811242881518265,17479,2011,4,0,0,1,0,0,0,0,0,2,War,Renny Harlin,Rupert Friend,5.815384615384616,6.866666666666667,6.2164761904761905,-84883045.44444445,5.8
59436,Midnight in Paris,30000000,17.216707972959764,151119219,2011,5,0,1,0,0,0,0,1,0,3,Fantasy,Woody Allen,Owen Wilson,6.955555555555555,5.8761904761904775,6.932380952380953,-66822400.214705884,7.4
38356,Transformers: Dark of the Moon,195000000,19.088510121656228,1123746996,2011,6,1,0,0,0,1,0,0,0,3,Action,Michael Bay,Shia LaBeouf,6.475,6.277777777777778,6.059547619047619,36196824.066312045,6.1
56288,Spy Kids: All the Time in the World,27000000,17.11134746100564,85564310,2011,8,1,1,0,0,0,0,0,0,3,Family,Robert Rodriguez,Jessica Alba,5.949999999999999,5.827272727272727,5.822222222222223,-161221046.8108108,4.4
48572,Red State,4000000,15.201805169084134,1104682,2011,8,1,0,0,1,0,0,0,1,3,Horror,Kevin Smith,Michael Parks,6.466666666666666,7.6,6.176410256410256,-17633561.34536083,5.9
52451,The Three Musketeers,75000000,18.132998684833918,132274484,2011,8,1,0,0,0,0,0,0,1,3,Adventure,Paul W.S. Anderson,Milla Jovovich,5.957142857142856,5.966666666666666,6.723333333333334,12059395.927469641,5.6
39538,Contagion,60000000,17.909855136853043,137551594,2011,9,0,0,1,0,1,0,0,1,3,Drama,Steven Soderbergh,Matt Damon,6.39,6.777777777777777,6.5060705128205125,-28830323.667578988,6.2
39254,Real Steel,110000000,18.5159909328476,299268508,2011,9,1,0,1,0,1,0,0,0,3,Action,Shawn Levy,Hugh Jackman,5.833333333333333,6.408333333333332,5.906666666666666,36196824.066312045,6.6
17578,The Adventures of Tintin,130000000,18.683045016112164,371940071,2011,10,0,0,0,0,0,1,0,0,3,Adventure,Steven Spielberg,Jamie Bell,7.03181818181818,6.65,6.612666666666667,12059395.927469641,6.7
88794,J. Edgar,35000000,17.370858648025116,84606030,2011,11,0,0,1,0,0,0,0,0,3,Drama,Clint Eastwood,Leonardo DiCaprio,6.88125,7.171428571428571,6.596000000000001,-28830323.667578988,6.0
44826,Hugo,170000000,18.951309000896888,185770160,2011,11,0,0,1,0,0,0,0,0,3,Adventure,Martin Scorsese,Ben Kingsley,7.371428571428571,6.371428571428572,6.60630303030303,12059395.927469641,7.0
65754,The Girl with the Dragon Tattoo,90000000,18.31532023940565,232617430,2011,12,0,0,1,0,0,0,0,1,4,Thriller,David Fincher,Daniel Craig,7.2875,6.43,6.640113636363637,58195884.22413793,7.2
57212,War Horse,66000000,18.005165315142214,177584879,2011,12,0,0,1,0,0,0,0,0,2,Drama,Steven Spielberg,Tom Hiddleston,7.017391304347824,6.6,6.544642857142858,-28830323.667578988,7.0
76489,The Three Stooges,30000000,17.216707972959764,54819301,2012,4,0,1,0,0,0,0,0,0,1,Comedy,Bobby Farrelly,Sean Hayes,5.977777777777778,6.25,5.990625,8113353.729759231,4.9
81836,To Rome with Love,17000000,16.648723960844016,73244881,2012,4,0,1,0,0,0,0,1,0,2,Romance,Woody Allen,Ellen Page,7.0,7.040000000000001,6.342837301587301,-24428457.323529407,5.6
92591,Bernie,5000000,15.424948670398354,9206470,2012,4,0,1,1,0,0,0,0,0,3,Comedy,Richard Linklater,Jack Black,6.957142857142856,6.116666666666667,6.473529411764707,8113353.729759231,6.5
62213,Dark Shadows,150000000,18.826145858727198,245527149,2012,5,0,1,0,0,0,0,0,0,2,Comedy,Tim Burton,Johnny Depp,6.827272727272728,6.773076923076924,6.429021645021644,8113353.729759231,5.7
70981,Prometheus,130000000,18.683045016112164,403170142,2012,5,0,0,0,0,1,0,0,0,3,Science Fiction,Ridley Scott,Noomi Rapace,6.883333333333334,7.0,6.233388888888889,339768663.76842105,6.3
77930,Magic Mike,7000000,15.76142084987672,167221571,2012,6,0,1,1,0,0,0,0,0,2,Drama,Steven Soderbergh,Channing Tatum,6.308333333333333,6.4444444444444455,5.728703703703704,42974321.50426136,6.1
82525,Savages,45000000,17.622173069956816,82966152,2012,7,0,0,1,0,0,0,0,1,3,Crime,Oliver Stone,Blake Lively,6.616666666666666,6.1,6.185212121212121,-4851048.355555549,6.2
71679,Resident Evil: Retribution,65000000,17.989897843244528,240159255,2012,9,1,0,0,1,1,0,0,0,3,Action,Paul W.S. Anderson,Milla Jovovich,5.9125,5.938461538461538,5.978571428571429,70445112.63297871,5.6
62214,Frankenweenie,39000000,17.479072229734946,35287788,2012,10,0,1,0,0,0,1,0,0,3,Animation,Tim Burton,Charlie Tahan,6.733333333333334,6.85,6.353282828282829,66653182.62672812,6.6
94348,Alex Cross,45000000,17.622173069956816,30353232,2012,10,1,0,0,0,0,0,0,1,4,Action,Rob Cohen,Tyler Perry,5.7857142857142865,6.066666666666666,5.992404761904763,70445112.63297871,5.1
87502,Flight,31000000,17.249497794707484,161772375,2012,11,0,0,1,0,0,0,0,0,1,Drama,Robert Zemeckis,Denzel Washington,6.954545454545454,6.723076923076923,6.472037878787878,42974321.50426136,6.5
72976,Lincoln,65000000,17.989897843244528,275293450,2012,11,0,0,1,0,0,0,0,0,2,History,Steven Spielberg,Daniel Day-Lewis,7.016666666666665,6.725,6.484761904761905,37313006.52941176,6.7
49051,The Hobbit: An Unexpected Journey,250000000,19.33697147982652,1021103568,2012,11,1,0,0,0,0,0,0,0,3,Adventure,Peter Jackson,Ian McKellen,7.383333333333334,6.869999999999999,6.478476890756303,161039490.8062575,7.0
109421,Side Effects,30000000,17.216707972959764,63372757,2013,2,0,0,1,0,0,0,0,1,3,Thriller,Steven Soderbergh,Jude Law,6.292307692307691,6.5473684210526315,6.328615384615385,-59540882.52586207,6.4
132344,Before Midnight,3000000,14.914123179965662,11176469,2013,4,0,0,1,0,0,0,1,0,2,Romance,Richard Linklater,Ethan Hawke,6.8999999999999995,6.861538461538462,6.949999999999999,-48860277.82352941,7.4
134374,Pain & Gain,25000000,17.034386422832473,86175291,2013,4,1,0,0,0,0,0,0,1,3,Thriller,Michael Bay,Mark Wahlberg,6.433333333333334,6.295454545454546,6.262424369747899,-59540882.52586207,6.1
116741,The Internship,58000000,17.87595358575207,44000000,2013,6,0,1,0,0,0,0,0,0,1,Comedy,Shawn Levy,Owen Wilson,5.942857142857143,5.925000000000001,6.070833333333334,-5856945.357648179,6.1
160588,Blue Jasmine,18000000,16.705882371415992,99206215,2013,7,0,1,1,0,0,0,0,0,2,Comedy,Woody Allen,Cate Blanchett,6.872727272727272,6.727777777777778,6.615714285714285,-5856945.357648179,7.0
106747,Machete Kills,12000000,16.300417291085605,15008161,2013,9,1,0,0,0,0,0,0,1,3,Action,Robert Rodriguez,Danny Trejo,5.8307692307692305,6.0,5.874433198380567,79781418.14488348,5.3
109091,The Counselor,25000000,17.034386422832473,71009334,2013,10,0,0,1,0,0,0,0,1,3,Thriller,Ridley Scott,Michael Fassbender,6.838461538461539,6.563636363636365,6.450075757575758,-59540882.52586207,5.0
57158,The Hobbit: The Desolation of Smaug,250000000,19.33697147982652,958400000,2013,12,0,0,0,0,0,0,0,0,2,Adventure,Peter Jackson,Martin Freeman,7.328571428571429,6.433333333333334,6.960606060606061,194582745.47292417,7.6
106646,The Wolf of Wall Street,100000000,18.420680753952364,392000694,2013,12,0,1,1,0,0,0,0,0,3,Crime,Martin Scorsese,Leonardo DiCaprio,7.346666666666666,7.147058823529411,6.321212121212122,88222135.89444445,7.9
76649,Pompeii,130000000,18.683045016112164,117831631,2014,2,1,0,1,0,0,0,1,0,5,Action,Paul W.S. Anderson,Kit Harington,5.877777777777777,5.0,6.288333333333334,127408203.96631205,5.2
91314,Transformers: Age of Extinction,210000000,19.162618093443648,1091405097,2014,6,1,0,0,0,1,0,0,0,3,Science Fiction,Michael Bay,Mark Wahlberg,6.4,6.343999999999999,5.7775,545153380.3684211,5.8
253235,And So It Goes,18000000,16.705882371415992,25312387,2014,7,0,1,1,0,0,0,1,0,3,Comedy,Rob Reiner,Michael Douglas,6.844444444444444,6.3,6.33939393939394,9400363.44975923,5.7
189,Sin City: A Dame to Kill For,65000000,17.989897843244528,39407616,2014,8,0,0,0,0,0,0,0,1,2,Crime,Robert Rodriguez,Mickey Rourke,5.792857142857143,6.109090909090909,6.318833943833943,-9143854.926984124,6.3
239678,This Is Where I Leave You,19800000,16.801192546169812,41296320,2014,9,0,1,1,0,0,0,0,0,2,Drama,Shawn Levy,Jason Bateman,5.9625,6.125000000000001,6.41875,-16996547.227713555,6.5
246403,Tusk,2800000,14.845130332288226,1826705,2014,9,0,1,0,1,0,0,0,0,2,Comedy,Kevin Smith,Michael Parks,6.409999999999999,6.75,6.177993295019157,9400363.44975923,5.1
210577,Gone Girl,61000000,17.926384438531027,369330363,2014,10,0,0,1,0,0,0,0,1,3,Mystery,David Fincher,Ben Affleck,7.277777777777778,6.254545454545456,6.064583333333332,93893928.12962963,7.9
100042,Dumb and Dumber To,40000000,17.50439003707821,169837010,2014,11,0,1,0,0,0,0,0,0,1,Comedy,Bobby Farrelly,Jim Carrey,5.869999999999999,6.337500000000001,6.171428571428571,9400363.44975923,5.4
147441,Exodus: Gods and Kings,140000000,18.757152987716434,268031828,2014,12,1,0,1,0,0,0,0,0,3,Adventure,Ridley Scott,Christian Bale,6.707142857142857,6.795000000000002,6.177499999999999,149108924.04435277,5.6
122917,The Hobbit: The Battle of the Five Armies,250000000,19.33697147982652,956019788,2014,12,1,0,0,0,0,0,0,0,3,Action,Peter Jackson,Martin Freeman,7.362500000000001,6.6000000000000005,7.248333333333333,127408203.96631205,7.1
190859,American Sniper,58800000,17.889652429875657,542307423,2014,12,1,0,0,0,0,0,0,0,2,War,Clint Eastwood,Bradley Cooper,6.8277777777777775,6.338461538461539,5.975,146256822.30555555,7.4
181533,Night at the Museum: Secret of the Tomb,127000000,18.65969765229688,349424282,2014,12,0,1,0,0,0,0,0,0,4,Adventure,Shawn Levy,Ben Stiller,6.022222222222222,6.188000000000001,6.299108138238572,149108924.04435277,6.1
87093,Big Eyes,10000000,16.118095750958314,28883511,2014,12,0,0,1,0,0,0,0,0,1,Drama,Tim Burton,Amy Adams,6.723076923076923,6.566666666666666,6.268698412698413,-16996547.227713555,6.8
241251,The Boy Next Door,4000000,15.201805169084134,52425855,2015,1,0,0,0,0,0,0,0,1,1,Thriller,Rob Cohen,Jennifer Lopez,5.700000000000001,5.7444444444444445,6.045833333333333,-36238339.65086207,4.1
286217,The Martian,108000000,18.497641794347754,630161890,2015,9,0,0,1,0,1,0,0,0,3,Drama,Ridley Scott,Matt Damon,6.633333333333334,6.666666666666666,6.435575757575758,45393446.61465098,7.6
285783,The Walk,35000000,17.370858648025116,61181942,2015,9,0,0,1,0,0,0,0,1,3,Adventure,Robert Zemeckis,Joseph Gordon-Levitt,6.916666666666667,6.714285714285714,6.715277777777779,-83395746.86040917,6.9
296098,Bridge of Spies,40000000,17.50439003707821,165478348,2015,10,0,0,1,0,0,0,0,1,2,Thriller,Steven Spielberg,Tom Hanks,7.003999999999998,7.096153846153846,6.35,-36238339.65086207,7.2
205775,In the Heart of the Sea,100000000,18.420680753952364,93820758,2015,11,1,0,1,0,0,0,0,1,5,Thriller,Ron Howard,Chris Hemsworth,6.6899999999999995,6.509090909090909,6.342499999999999,-36238339.65086207,6.5
300671,13 Hours: The Secret Soldiers of Benghazi,50000000,17.72753358339242,69411370,2016,1,1,0,1,0,0,0,0,1,5,Action,Michael Bay,James Badge Dale,6.345454545454545,6.625,6.675000000000001,110600716.59131205,7.0
